ID,Sitio,√çndice del lugar,Nombre del lugar,Enlace del lugar,Municipio,Valoraci√≥n,Valoraciones,Precio,Comentario,Fecha,Votos a favor,Votos en contra,Valoraci√≥n_num,Sentimiento
980,Tripadvisor,74,Covenas Diving Co.,https://www.tripadvisor.co/Attraction_Review-g616329-d13199404-Reviews-or220-Covenas_Diving_Co-Covenas_Sucre_Department.html,Cove√±as,5.0/5,259,Precio Desconocido,"De las mejores experiencias de la vida, no se arrepentir√°n de hacer cursos con ellos, certificarse y adem√°s hacer amigos! Personas espectaculares y el curso, absolutamente espectacular. 100% recomendando üëåüèª",25 de abril de 2021,0,0,5,
1249,Tripadvisor,79,Anfibio Sports Adventure,https://www.tripadvisor.co/Attraction_Review-g10326747-d23061629-Reviews-or30-Anfibio_Sports_Adventure-Rincon_del_Mar_San_Onofre_Sucre_Department.html,San Onofre,5.0/5,34,Precio Desconocido,"Me encanto el plan de Stand up paddle y de bici con Ciro, muy atento a cada detalle y todos los recorridos muy bien pensados. Super recomendado, no duden en tomar la opci√≥n de desayuno en Surya delicioso y con opciones diferentes. Muy agradecidos y felices con la atenci√≥n de Ciro.",1 de julio de 2021,0,0,5,
260,Foursquare,42,Playas De La Primera Ensenada,https://foursquare.com/v/playas-de-la-primera-ensenada/4f660671e4b087553e4b2df7,Cove√±as,6.9/10,9 valoraciones,Precio Desconocido,"Excelentes playas para disfrutar del hermoso mar del golfo y para practicar deportes n√°uticos como Kitesurf, catamaran, windsurf entre otros.","Abril 13, 2013",0,0,6.9,
459,Tripadvisor,50,Isla M√∫cura,https://www.tripadvisor.co/Attraction_Review-g4452849-d2536595-Reviews-or20-Isla_Mucura-San_Onofre_Sucre_Department.html, San Onofre,4.5/5,281,Precio Desconocido,"Experiencia inolvidable Es un paisaje ex√≥tico, aguas cristalinas, arena blanca, es hermoso ese lugar, definitivamente buena elecci√≥n para visitar.",7 de enero de 2015,0,0,4.5,
309,Foursquare,48,Lile's Pizza,https://foursquare.com/v/liles-pizza/5185a7cb498e83656eba3d55,Sincelejo,6.7/10,31 valoraciones,$,Excelente la caprichosa y los granizados ;),"Septiembre 19, 2013",0,0,6.7,
1129,Tripadvisor,74,Covenas Diving Co.,https://www.tripadvisor.co/Attraction_Review-g616329-d13199404-Reviews-or220-Covenas_Diving_Co-Covenas_Sucre_Department.html,Cove√±as,5.0/5,259,Precio Desconocido,"Excelente experiencia en Cove√±as con mi amigo y Gran Instructor Guillermo! Buceo recomendado con Covenas Diving Co. Buen arrecife, buena visibilidad y sobre todo, Buen servicio. Nos vemos pronto de nuevo!",19 de enero de 2018,0,0,5,
1026,Tripadvisor,74,Covenas Diving Co.,https://www.tripadvisor.co/Attraction_Review-g616329-d13199404-Reviews-or220-Covenas_Diving_Co-Covenas_Sucre_Department.html,Cove√±as,5.0/5,259,Precio Desconocido,"Excelente instructor, excelentes equipos. Una experiencia hermosa en el archipi√©lago de San Bernardo y golfo de Morrosquillo.",4 de febrero de 2020,0,0,5,
126,Foursquare,12,Olga Pi√±a y Juana Luna,https://es.foursquare.com/v/olga-pi%C3%B1a-y-juana-luna/4e0732de6284d9ee92d3c024,Corozal,8.0/10,32 valoraciones,Precio Desconocido,Parada obligada para los viajeros muy buenos esostamales,"Marzo 2, 2014",1,0,8,
963,Tripadvisor,74,Covenas Diving Co.,https://www.tripadvisor.co/Attraction_Review-g616329-d13199404-Reviews-or220-Covenas_Diving_Co-Covenas_Sucre_Department.html,Cove√±as,5.0/5,259,Precio Desconocido,"Excelente experiencia. Mucho coral y mucha variedad. El sitio mas recomendado es el Cantil. El servicio de Guillermo fue excelente, muy amable, querido y atento. El almuerzo con todo el sabor del mar. Resumen de la experiencia 10/10",19 de agosto de 2022,0,0,5,
692,Tripadvisor,53,Playas Rincon del Mar,https://www.tripadvisor.co/Attraction_Review-g4452849-d10213520-Reviews-or40-Playas_Rincon_del_Mar-San_Onofre_Sucre_Department.html,San Onofre,4.0/5,51,Precio Desconocido,"Su nombre hace honor a su ubicaci√≥n, es un rinconcito de paz y tranquilidad, un lugar muy lindo, las playas son ideales para bucear o caretear, aunque solo estuve un rato qued√© encantado.",12 de mayo de 2016,0,0,4,
1251,Tripadvisor,79,Anfibio Sports Adventure,https://www.tripadvisor.co/Attraction_Review-g10326747-d23061629-Reviews-or30-Anfibio_Sports_Adventure-Rincon_del_Mar_San_Onofre_Sucre_Department.html,San Onofre,5.0/5,34,Precio Desconocido,Excelente plan en Rinc√≥n del mar. Es un deporte para todas las edades y el instructor ha hecho una muy buena explicaci√≥n. Es una experiencia relajante y a la vez retadora que merece la pena sacarle el rato. Las tablas para realizar el deporte y dem√°s accesorios est√°n en muy buen estado. Definitivamente recomendado.,15 de junio de 2021,0,0,5,
199,Foursquare,30,Doki's comidas r√°pidas (Majagual),https://es.foursquare.com/v/dokis-comidas-r%C3%A1pidas-majagual/4c6216b2fa7bc9282b850d27,Sincelejo,7.4/10,13 valoraciones,$,Losperros calientesson la especialidad,"Abril 17, 2012",0,0,7.4,
695,Tripadvisor,54,Parque Comercial Guacar√≠,https://www.tripadvisor.co/Attraction_Review-g1395140-d13995376-Reviews-or10-Parque_Comercial_Guacari-Sincelejo_Sucre_Department.html,Sincelejo,4.5/5,15,Precio Desconocido,"Paradise lugar donde podr√° disfrutar de hermosas islas, deliciosa comida, gente agradable, deportes n√°uticos y multicultural mezcla.",10 de abril de 2017,0,0,4.5,
727,Tripadvisor,56,Playa la Coquerita,https://www.tripadvisor.co/Attraction_Review-g616329-d10465002-Reviews-or20-Playa_la_Coquerita-Covenas_Sucre_Department.html,Cove√±as,4.0/5,28,Precio Desconocido,"Ubicado en el departamento de C√≥rdoba, en el Caribe colombiano. Es una playa hermosa, tranquila, a√∫n conserva √°reas poco exploradas por el turismo habitual. Un buen atardecer, o√≠r el mar, lograr hermosas fotograf√≠as. Lugare√±os muy amables y muy buen precio. Se consiguen hoteles no muy lujosos pero con buen servicio, suficiente para un par de enamorados o un grupo de mochileros exploradores. Hay que probar el pescado del lugar.",4 de marzo de 2019,1,0,4,
150,Foursquare,21,Javier Parrilla,https://es.foursquare.com/v/javier-parrilla/4e6f9a2b62e1d475e2443703,Sincelejo,7.7/10,25 valoraciones,$$,"Lomo de cerdo en salsa teriyaki, delicioso.","Mayo 12, 2013",1,0,7.7,
1174,Tripadvisor,75,Rinc√≥n Dive Center,https://www.tripadvisor.co/Attraction_Review-g10326747-d14126059-Reviews-or60-Rincon_Dive_Center-Rincon_del_Mar_San_Onofre_Sucre_Department.html,San Onofre,5.0/5,192,Precio Desconocido,"No es posible de hacer mejor para bucear que de hacerlo con Stefania y Giovanni. Son instructores m√°s que profesionales y tambi√©n personas muy amables, graciosas y super simp√°ticas. Acabo de pasar el PADI con ellos, y solo quiero decir : Grazie Mille. Hasta pronto.",22 de diciembre de 2019,0,0,5,
391,Tripadvisor,50,Isla M√∫cura,https://www.tripadvisor.co/Attraction_Review-g4452849-d2536595-Reviews-or20-Isla_Mucura-San_Onofre_Sucre_Department.html, San Onofre,4.5/5,281,Precio Desconocido,Lind√≠sima!!! Un mar que resalta desde sus blancas playas con los colores especiales de los corales a su alrededor indicando reservas hermosas para su preservaci√≥n.,15 de marzo de 2017,0,0,4.5,
601,Tripadvisor,52,Ci√©naga la Caimanera,https://www.tripadvisor.co/Attraction_Review-g616329-d10022459-Reviews-Cienaga_la_Caimanera-Covenas_Sucre_Department.html,Cove√±as,4.5/5,86,Precio Desconocido,"Visitar la Ci√©naga de la Caimanera es un gran plan en Cove√±as, puedes visitar la casa flotante y hacer un recorrido en canoas disfrutando del manglar y los atractivos que ofrece este lugar.",11 de enero de 2019,2,0,4.5,
320,Foursquare,49,Hamburguesas El Corral,https://foursquare.com/v/hamburguesas-el-corral/4cd5d394886cb60c247a8689,Sincelejo,6.4/10,21 valoraciones,$,Esta buena?,"Febrero 11, 2012",0,0,6.4,
1218,Tripadvisor,77,Gu√≠a de Turismo del Golfo de Morrosquillo,https://www.tripadvisor.co/Attraction_Review-g616329-d12951539-Reviews-or30-Covenas_Colombia_Travel-Covenas_Sucre_Department.html,Cove√±as,5.0/5,30,Precio Desconocido,"Buen gu√≠a, lo hace con propiedad, alegre y dispuesto siempre a colaborar. Con buen √°nimo, proyecta seguridad.",2 de julio de 2018,1,0,5,
952,Tripadvisor,74,Covenas Diving Co.,https://www.tripadvisor.co/Attraction_Review-g616329-d13199404-Reviews-or220-Covenas_Diving_Co-Covenas_Sucre_Department.html,Cove√±as,5.0/5,259,Precio Desconocido,"Ana, nos encanta que hayas disfrutado de la experiencia. Ya sabes que te esperamos pronto de regreso por aqu√≠.",9 de enero de 2022,0,0,5,
214,Foursquare,36,Balsillas,https://foursquare.com/v/balsillas/4e2313fe1f6effe84f81d1be,San Onofre,7.3/10,8 valoraciones,Precio Desconocido,"No hay que perder tiempo improvisando playa en Rinc√≥n Del Mar. Esta es la mejor opci√≥n. Lejos del ruido, el tumulto y las ventas ambulantes.","Abril 21, 2019",0,0,7.3,
970,Tripadvisor,74,Covenas Diving Co.,https://www.tripadvisor.co/Attraction_Review-g616329-d13199404-Reviews-or220-Covenas_Diving_Co-Covenas_Sucre_Department.html,Cove√±as,5.0/5,259,Precio Desconocido,Excelente lugar para disfrutar de un buen buceo en compa√±√≠a de unos grandes instructores y un excelente panorama y clima.,26 de agosto de 2022,0,0,5,
525,Tripadvisor,50,Isla M√∫cura,https://www.tripadvisor.co/Attraction_Review-g4452849-d2536595-Reviews-or20-Isla_Mucura-San_Onofre_Sucre_Department.html, San Onofre,4.5/5,281,Precio Desconocido,"La mejor gente del mundo,en un para√≠so!!! Realmente es el para√≠so....vivimos una experiencia incre√≠ble al conocer M√∫cura, su gente... ¬°qu√© atenci√≥n! Nos llevaron a conocer el islote de Santa Cruz, quedamos impactados, su gente es √∫nica, nadie lo va a creer,... no est√°n contaminados son muy puros. Hagan esa visita, h√°ganla es muy emotiva. Uno llega al fin del af√°n, como dice un slogan al llegar a la isla. Hay paseos en bici, genial, buceo m√°scara, kayaks, tragos (cocoloco). Hoy llegamos de M√∫cura. Y estamos en Cartagena. Ah!! Desde Cartagena viajas en unas lanchas hiperr√°pidas, son casi 2 horas, navegando. Es m√°s cerca de Tolu..una hora o menos. ¬°Gracias M√∫cura! visitando la isla se ayuda a la econom√≠a de esos archipi√©lagos... lo merecen!!!!",17 de julio de 2012,0,0,4.5,
915,Tripadvisor,74,Covenas Diving Co.,https://www.tripadvisor.co/Attraction_Review-g616329-d13199404-Reviews-or220-Covenas_Diving_Co-Covenas_Sucre_Department.html,Cove√±as,5.0/5,259,Precio Desconocido,"Mi experiencia en Cove√±as Diving Co. super√≥ todas las expectativas, gracias a los excepcionales instructores Adriana y Guille. Su profesionalismo y profundo conocimiento de las √°reas de buceo me hicieron sentir seguro en todo momento. Adem√°s, su buen sentido del humor y amabilidad crearon un ambiente divertido y relajado. La atenci√≥n al cliente en Cove√±as Diving Co. es impecable, desde el equipo bien mantenido hasta el personal amable. Recomiendo encarecidamente esta escuela de buceo y agradezco a Adriana y Guille por una experiencia inolvidable. ¬°Definitivamente volver√©!",29 de abril de 2024,0,0,5,
902,Tripadvisor,69,Golfo de Morrosquillo,https://www.tripadvisor.co/Attraction_Review-g1726000-d7050550-Reviews-or10-Golfo_de_Morrosquillo-Santiago_de_Tolu_Sucre_Department.html,Santiago de Tol√∫,4.5/5,15,Precio Desconocido,"Para empezar las playas son HERMOSAS, cristalinas, sin vendedores ambulantes, m√°s bien solas, agua calientita, buena comida caribe√±a... pero realmente a este lugar del pa√≠s le falta m√°s infraestructura para el turismo, todo es muy informal e improvisado, los buenos hoteles son muy caros, no se consiguen muchas cosas en caso de emergencia.",22 de enero de 2016,1,0,4.5,
875,Tripadvisor,64,Plaza de Majagual,https://www.tripadvisor.co/Attraction_Review-g1395140-d6951865-Reviews-or30-Plaza_de_Majagual-Sincelejo_Sucre_Department.html,Sincelejo,3.5/5,32,Precio Desconocido,"Hay mucha presencia de j√≥venes consumiendo drogas a la vista de todos y la polic√≠a no hace nada, adem√°s se presentan ri√±as y robos.",20 de abril de 2015,0,0,3.5,
167,Foursquare,23,Arcanos,https://es.foursquare.com/v/arcanos/4dbb6aa24b222080d3784b71,Sincelejo,7.7/10,27 valoraciones,$$,Excelente comida y atenci√≥n,"Marzo 11, 2017",1,0,7.7,
154,Foursquare,21,Javier Parrilla,https://es.foursquare.com/v/javier-parrilla/4e6f9a2b62e1d475e2443703,Sincelejo,7.7/10,25 valoraciones,$$,Lengua en salsa de champi√±ones....muy buena!!a,"Junio 8, 2012",0,0,7.7,
683,Tripadvisor,53,Playas Rincon del Mar,https://www.tripadvisor.co/Attraction_Review-g4452849-d10213520-Reviews-or40-Playas_Rincon_del_Mar-San_Onofre_Sucre_Department.html,San Onofre,4.0/5,51,Precio Desconocido,Es un referente para el turismo artesanal sin ninguna pretensi√≥n. El Azul del Mar. Sus hermosas Playas Blancas. Los Deportes N√°uticos. Las excursiones a la Isla del Archipi√©lago la hacen referente a todos los amantes de la naturaleza.,11 de mayo de 2017,1,0,4,
949,Tripadvisor,74,Covenas Diving Co.,https://www.tripadvisor.co/Attraction_Review-g616329-d13199404-Reviews-or220-Covenas_Diving_Co-Covenas_Sucre_Department.html,Cove√±as,5.0/5,259,Precio Desconocido,"Luis, muchas gracias por tu comentario y felicidades por sus certificaciones!!",6 de enero de 2022,7,0,5,
548,Tripadvisor,51,Reserva Natural Sanguar√©,https://www.tripadvisor.co/Attraction_Review-g4452849-d7149029-Reviews-Reserva_Natural_Sanguare-San_Onofre_Sucre_Department.html, San Onofre,5.0/5,35,Precio Desconocido,"Me qued√© en Reserva Sanguar√© con mi familia durante tres d√≠as, y fue maravilloso. Tomamos un bus desde Cartagena; tom√≥ aproximadamente dos horas y media. Cuando llegamos, comimos un delicioso almuerzo, toda la comida en Sanguar√© fue muy rica y saludable. Soy vegetariana y mi cu√±ado no come pescado, y el chef siempre cocin√≥ opciones alternativas para nosotros. Nuestras habitaciones eran grandes y muy limpias.

La Reserva era un lugar m√°gico. Pasamos mucho tiempo relaj√°ndonos y leyendo en las hamacas. Nos sirvieron jugo y pasabocas entre las comidas. Nos encant√≥ nadar en la piscina y el mar durante el d√≠a y pasar tiempo en el muelle por la noche, viendo las estrellas. Vimos muchas estrellas fugaces y nos divertimos haciendo canotaje en el mar.

La Reserva era muy tranquila, pero muy emocionante tambi√©n! Hicimos muchas actividades interesantes y aprendimos mucho sobre los animales y plantas de Sanguar√©. Sanguar√© es un bosque seco que fue cortado hace muchos a√±os y ahora lo est√°n recuperando. La gu√≠a nos llev√≥ a un paseo por el bosque y nos ense√±aron sobre los muchos √°rboles y plantas. Vimos muchos insectos y aves bonitas. En la noche, hicimos canotaje en la oscuridad para ver el plankton que brilla. La experiencia fue m√°gica, saltamos de nuestros kayaks para nadar con el plankton, esa fue una experiencia muy especial que siempre recordamos.

En el √∫ltimo d√≠a, estuvimos en un viaje de buceo. Nos fuimos a bucear, y luego nadamos en una laguna con cientos de medusas que no pican. Despu√©s de eso, navegamos alrededor de Santa Cruz del Islote, la isla m√°s densamente poblada del mundo. Hay mas de 600 personas en una isla del tama√±o de un estadio de f√∫tbol. Me encanta Reserva Sanguar√© y no puedo esperar a volver!!!",1 de septiembre de 2016,0,0,5,
578,Tripadvisor,52,Ci√©naga la Caimanera,https://www.tripadvisor.co/Attraction_Review-g616329-d10022459-Reviews-Cienaga_la_Caimanera-Covenas_Sucre_Department.html,Cove√±as,4.5/5,86,Precio Desconocido,"Ven y disfruta de tu propia experiencia conmigo en la ci√©naga la caimanera, donde encontrar lo hermoso de nuestra fauna y flora y de nuestro calor humano.",19 de marzo de 2021,0,0,4.5,
50,Foursquare,2,Playas de Cove√±as,https://es.foursquare.com/v/playas-de-cove%C3%B1as/4e0b5bd352b1fe83d54c6f4b,Cove√±as,8.8/10,241 valoraciones,Precio Desconocido,"Buenos lugare√±os, la mejor comida es la de nadifer!","Diciembre 25, 2012",0,0,8.8,
810,Tripadvisor,59,Catedral de San Francisco,https://www.tripadvisor.co/Attraction_Review-g1395140-d6960179-Reviews-or20-Catedral_de_San_Francisco-Sincelejo_Sucre_Department.html,Sincelejo,4.0/5,30,Precio Desconocido,"Alberga muchos a√±os de historia, reci√©n restaurada, vale la pena conocerla. Ubicada en el coraz√≥n de Sincelejo en el parque Santander.",22 de enero de 2018,0,0,4,
280,Foursquare,45,Centro Comercial VIVA,https://foursquare.com/v/centro-comercial-viva/4c367fa418e72d7f0f0515f5,Sincelejo,6.8/10,155 valoraciones,Precio Desconocido,"Juan Valdez, subway, el corral.","Junio 12, 2014",0,0,6.8,
1107,Tripadvisor,74,Covenas Diving Co.,https://www.tripadvisor.co/Attraction_Review-g616329-d13199404-Reviews-or220-Covenas_Diving_Co-Covenas_Sucre_Department.html,Cove√±as,5.0/5,259,Precio Desconocido,"Llevaba a√±os buscando un centro de buceo seguro y responsable donde pudiera ampliar mis titulaciones de buceo sin tener la sensaci√≥n de que pagando se obtiene todo. Por fin lo he encontrado en el Caribe colombiano: Cove√±as Diving Co. Su instructor y director, Guillermo C√°mara me facilit√≥ ambos cursos de forma excelente, sus conocimientos, profesionalidad y capacidad de comunicaci√≥n, tanto fuera como debajo del agua, son inmejorables; lo hizo de forma din√°mica, eficaz y entretenida, con una paciencia infinita y la seguridad de solventar cada una de mis dudas, sin olvidar que el buceo es diversi√≥n y entretenimiento. Siempre respetando todas las medidas de seguridad, lo que te da una confianza total. Gestion√≥ la documentaci√≥n con una rapidez incre√≠ble, en menos de diez d√≠as ten√≠a las titulaciones en mi domicilio. El local est√° situado en el centro de Cove√±as, perfectamente equipado y con una distribuci√≥n, orden y limpieza impecables, los equipos de buceo son nuevos, su cuidado y mantenimiento no puede ser mejor. Ana, a cargo de la atenci√≥n al p√∫blico, de la organizaci√≥n y mantenimiento de equipos, hace un trabajo excelente y dispensa un trato inmejorable, resolviendo y facilitando cualquier cuesti√≥n que se le plantee. Respecto al buceo, impresionante se queda corto, la vegetaci√≥n y composici√≥n de los arrecifes de las islas de San Bernardo e isla Fuerte, son incre√≠bles y no tienen nada que envidiar a los arrecifes de Cozumel, he visto corales que no hab√≠a conocido en ning√∫n otro lugar, la vida marina, incluso en las mismas playas de Cove√±as, tambi√©n es incre√≠ble. Los planes de buceo en las islas son geniales, permiten disfrutar de un buceo incre√≠ble y de una comida, cervecitas y ba√±os en playas paradis√≠acas, que rematan un d√≠a perfecto. No he podido hacer una mejor elecci√≥n, tanto para disfrutar del buceo como para realizar los cursos que llevaba a√±os intentando realizar; todo gracias a Guillermo C√°mara y Ana que han hecho de Cove√±as Diving Co el mejor centro de buceo que he conocido.",18 de noviembre de 2018,2,0,5,
707,Tripadvisor,54,Parque Comercial Guacar√≠,https://www.tripadvisor.co/Attraction_Review-g1395140-d13995376-Reviews-or10-Parque_Comercial_Guacari-Sincelejo_Sucre_Department.html,Sincelejo,4.5/5,15,Precio Desconocido,"La comodidad de sus salas, la atenci√≥n del restaurante (comida a la sala), lo convierten en excelente opci√≥n para pasar una buena tarde.",16 de julio de 2018,0,0,4.5,
715,Tripadvisor,55,Balsillas,https://www.tripadvisor.co/Attraction_Review-g4452849-d12357276-Reviews-Balsillas-San_Onofre_Sucre_Department.html,San Onofre,4.5/5,11,Precio Desconocido,"Bell√≠simo rinc√≥n del Caribe colombiano, un secreto bien guardado de belleza natural, de playas tranquilas cercano al archipi√©lago de San Bernardo, de aguas c√°lidas. El pueblo cercano llamado Rinc√≥n del Mar tiene el nombre bien puesto, es un rinc√≥n escondido de tranquilidad. De las mejores playas de Colombia que conozco hasta ahora.",2 de diciembre de 2017,0,0,4.5,
448,Tripadvisor,50,Isla M√∫cura,https://www.tripadvisor.co/Attraction_Review-g4452849-d2536595-Reviews-or20-Isla_Mucura-San_Onofre_Sucre_Department.html, San Onofre,4.5/5,281,Precio Desconocido,"Excelente lugar paradisiaco Un lugar perfecto, sin vendedores ambulantes. Un para√≠so que debes conocer. El Caribe perfecto. Playa y tranquilidad.",17 de febrero de 2015,0,0,4.5,
1025,Tripadvisor,74,Covenas Diving Co.,https://www.tripadvisor.co/Attraction_Review-g616329-d13199404-Reviews-or220-Covenas_Diving_Co-Covenas_Sucre_Department.html,Cove√±as,5.0/5,259,Precio Desconocido,"El centro de buceo tiene una excelente log√≠stica, los equipos est√°n en muy buen estado y el personal encargado de llevar a cabo la operaci√≥n est√° muy bien capacitado.",29 de febrero de 2020,1,0,5,
132,Foursquare,14,Hotel La Fragata,https://es.foursquare.com/v/hotel-la-fragata/4c9e2bd58afca0931a04fe15,Cove√±as,7.9/10,26 valoraciones,Precio Desconocido,"ES EL MEJORHOTELDE LA ZONA, EL √öNICO QUE TIENE TANTOS SERVICIOS  Y SOBRETODO LA FACILIDAD DE HACER RESERVAS EN L√çNEA... LA ATENCI√ìN ES ESPECTACULAR, QUE CALIDAD DE GENTE!!!! S√öPER RECOMENDADO!!!!","Septiembre 4, 2015",2,0,7.9,
1075,Tripadvisor,74,Covenas Diving Co.,https://www.tripadvisor.co/Attraction_Review-g616329-d13199404-Reviews-or220-Covenas_Diving_Co-Covenas_Sucre_Department.html,Cove√±as,5.0/5,259,Precio Desconocido,"Hice mi curso de rescate con Cove√±as Diving y fue una experiencia incre√≠ble, me sent√≠ como en casa. Ya estoy pensando en continuar mi formaci√≥n con este excelente servicio.",11 de agosto de 2019,0,0,5,
1211,Tripadvisor,77,Gu√≠a de Turismo del Golfo de Morrosquillo,https://www.tripadvisor.co/Attraction_Review-g616329-d12951539-Reviews-or30-Covenas_Colombia_Travel-Covenas_Sucre_Department.html,Cove√±as,5.0/5,30,Precio Desconocido,"Manuel gran persona, ideal para el viaje, la pasamos super, la informaci√≥n que da es precisa sabe mucho de la cultura Zenu y de los sitios de inter√©s cultural, social, y de playa y turismo recomendado para pasarla bien.",12 de octubre de 2018,1,0,5,
1135,Tripadvisor,74,Covenas Diving Co.,https://www.tripadvisor.co/Attraction_Review-g616329-d13199404-Reviews-or220-Covenas_Diving_Co-Covenas_Sucre_Department.html,Cove√±as,5.0/5,259,Precio Desconocido,"Guillermo es un instructor √∫nico, y la Cove√±as Diving co es la mejor opci√≥n para bucear en dicho lugar! RECOMENDADISIMO!",7 de diciembre de 2017,0,0,5,
181,Foursquare,25,Burger's lab,https://es.foursquare.com/v/burgers-lab/5567d48c498eb236cfc5fa1d,Sincelejo,7.6/10,15 valoraciones,$,La mejorcomida r√°pidade sincelejo,"Junio 10, 2015",0,0,7.6,
48,Foursquare,2,Playas de Cove√±as,https://es.foursquare.com/v/playas-de-cove%C3%B1as/4e0b5bd352b1fe83d54c6f4b,Cove√±as,8.8/10,241 valoraciones,Precio Desconocido,Que delicia @carnivorotrailer en cove√±as,"Diciembre 31, 2015",0,0,8.8,
1008,Tripadvisor,74,Covenas Diving Co.,https://www.tripadvisor.co/Attraction_Review-g616329-d13199404-Reviews-or220-Covenas_Diving_Co-Covenas_Sucre_Department.html,Cove√±as,5.0/5,259,Precio Desconocido,"Que equipo tan profesional, el instructor Guillermo todo el tiempo estuvo pendiente de nosotros, de manejar el miedo inicial a la inmersi√≥n y de hacernos sentir siempre seguros. En verdad tienen un gran equipo de trabajo que se encarga de todo los detalles, desde el equipo de buceo hasta la ruta en tierra y mar. Al final, c√≥mo recompensa te dan bocadillos üòãüòãüòã",12 de octubre de 2020,0,0,5,
239,Foursquare,38,Plaza de Majagual,https://foursquare.com/v/plaza-de-majagual/4c0193ebf99620a1dbcd2404,Sincelejo,7.2/10,40 valoraciones,Precio Desconocido,Carrera 19 con calle 28,"Marzo 13, 2012",0,0,7.2,
698,Tripadvisor,54,Parque Comercial Guacar√≠,https://www.tripadvisor.co/Attraction_Review-g1395140-d13995376-Reviews-or10-Parque_Comercial_Guacari-Sincelejo_Sucre_Department.html,Sincelejo,4.5/5,15,Precio Desconocido,"Moderno Muy agradable, moderno y con muchas opciones de tiendas y entretenimiento, el guacar√≠ que tiene es hermoso y bien conservado, vale la pena conocerlo.",26 de octubre de 2019,0,0,4.5,
1054,Tripadvisor,74,Covenas Diving Co.,https://www.tripadvisor.co/Attraction_Review-g616329-d13199404-Reviews-or220-Covenas_Diving_Co-Covenas_Sucre_Department.html,Cove√±as,5.0/5,259,Precio Desconocido,"Muy bueno el servicio, la atenci√≥n, los equipos, la ense√±anza para ser PADI muy amable y pausada. Muy recomendado.",17 de noviembre de 2019,0,0,5,
801,Tripadvisor,59,Catedral de San Francisco,https://www.tripadvisor.co/Attraction_Review-g1395140-d6960179-Reviews-or20-Catedral_de_San_Francisco-Sincelejo_Sucre_Department.html,Sincelejo,4.0/5,30,Precio Desconocido,Es una catedral hermosa muy acogedora a pesar de estar al lado de un parque muy visitado. Puedes orar y encontrarte con Dios ‚õ™.,8 de octubre de 2019,0,0,4,
114,Foursquare,11,CrepesPin Restaurante,https://es.foursquare.com/v/crepespin-restaurante/519181e1498e355d8a823a9b,Sincelejo,8.0/10,26 valoraciones,Precio Desconocido,"La comida es deliciosa, el ambiente muyacogedory la atenci√≥n, bastante buena. Debe mejorar en ciertos detalles, pero en general est√° bastante bien. Recomiendo elCrepe de mariscosyqueso. delicioso","Enero 15, 2014",2,0,8,
582,Tripadvisor,52,Ci√©naga la Caimanera,https://www.tripadvisor.co/Attraction_Review-g616329-d10022459-Reviews-Cienaga_la_Caimanera-Covenas_Sucre_Department.html,Cove√±as,4.5/5,86,Precio Desconocido,"Fui con un gu√≠a local llamado Jos√© Pardo, este sabe mucho sobre los asuntos ambientales relacionados a la ci√©naga, y tiene tambi√©n buen conocimiento hist√≥rico. El lugar, a comparaci√≥n de otros manglares que he visitado, est√° en excelente estado, tiene gran diversidad, han cuidado de sus especies, y tienen prohibido el tr√°nsito de lanchas, solo canoas sin motor est√°n permitidas, es adem√°s un para√≠so de aves y hay tours de avistamiento, y creo que vale tambi√©n la pena ir a nadar y hacer snorkeling cuando el agua est√° clara.",22 de octubre de 2020,0,0,4.5,
77,Foursquare,3,Juan Valdez Caf√©,https://es.foursquare.com/v/juan-valdez-caf%C3%A9/5287d40811d248c7e753a537,Sincelejo,8.8/10,30 valoraciones,$,"buen lugar, elcaf√©es genial","Mayo 17, 2014",0,0,8.8,
1127,Tripadvisor,74,Covenas Diving Co.,https://www.tripadvisor.co/Attraction_Review-g616329-d13199404-Reviews-or220-Covenas_Diving_Co-Covenas_Sucre_Department.html,Cove√±as,5.0/5,259,Precio Desconocido,"Era nuestra primera experiencia de buceo y gracias a Guillermo nos sentimos seguros, acompa√±ados todo el tiempo, siempre estuvo pendiente de nosotros, muy profesional y respetuoso. De acuerdo con los dem√°s comentarios referentes a los equipos, en excelente estado. Guillermo es alguien que disfruta mucho lo que hace y eso enriquece la experiencia de aquellos que buceamos con √©l. Dentro del precio se incluye un video que Guillermo realiza. De lo mejor de nuestra visita a Cove√±as, sin duda bucearemos con Guillermo en una pr√≥xima ocasi√≥n.",22 de febrero de 2018,0,0,5,
1291,Tripadvisor,80,Rinc√≥n del mar Diving,https://www.tripadvisor.co/Attraction_Review-g10326747-d17274098-Reviews-or10-Rincon_del_mar_Diving-Rincon_del_Mar_San_Onofre_Sucre_Department.html,San Onofre,5.0/5,30,Precio Desconocido,"Encantadora experiencia acompa√±ada por esa m√°gica pareja y el apoyo incondicional del capit√°n de la lancha :). Aplaudo la iniciativa de la guarder√≠a de corales que brinda una misi√≥n especial al placer subacu√°tico, ojal√° que este proyecto se replique en otros centros. Me sent√≠ incre√≠ble. Qu√© viva el mar!",12 de junio de 2019,0,0,5,
289,Foursquare,45,Centro Comercial VIVA,https://foursquare.com/v/centro-comercial-viva/4c367fa418e72d7f0f0515f5,Sincelejo,6.8/10,155 valoraciones,Precio Desconocido,Bueno lugar,"Agosto 10, 2014",0,0,6.8,
88,Foursquare,4,Don Parilla,https://es.foursquare.com/v/don-parilla/4d0d1a66f393224b28801aee,Sincelejo,8.7/10,24 valoraciones,$$$$,Buen servicioy excelente vista,"Abril 28, 2014",0,0,8.7,
351,Tripadvisor,50,Isla M√∫cura,https://www.tripadvisor.co/Attraction_Review-g4452849-d2536595-Reviews-or20-Isla_Mucura-San_Onofre_Sucre_Department.html, San Onofre,4.5/5,281,Precio Desconocido,Radiante y espectacular con el clima y el ambiente fresco con aire libre pureza sol y la playa con mucha higiene piscina y agua cristalina limpieza y con shorts solera deportiva para hacer deporte nataci√≥n caminatas y saborear los alimentos comidas deliciosas y limpias higi√©nica y refrescos naturales y belleza naturaleza disfrutar de la vida con mucha alegr√≠a y felicidad con alegr√≠a y felicidad siempre pasarla excelente en pareja y familia,12 de noviembre de 2018,0,0,4.5,
12,Foursquare,1,Rinc√≥n del Mar,https://es.foursquare.com/v/rinc%C3%B3n-del-mar/4f81a185e4b0ac16a2d8f323,San Onofre,8.9/10,45 valoraciones,Precio Desconocido,"Pocagente,playaslimpias y muchatranquilidad. Parafamilia, pareja o mochilero...","Enero 8, 2014",0,0,8.9,
1105,Tripadvisor,74,Covenas Diving Co.,https://www.tripadvisor.co/Attraction_Review-g616329-d13199404-Reviews-or220-Covenas_Diving_Co-Covenas_Sucre_Department.html,Cove√±as,5.0/5,259,Precio Desconocido,"Disfrut√© mucho la experiencia. Guillermo y Ana son excelentes personas, grandes profesionales y muy buenos ense√±ando y orientando. Es una experiencia que dif√≠cilmente olvidar√©, tanto por los lugares he visitamos como por el trato humano, c√°lido y respetuoso que recib√≠. Regreso muy contento a la ciudad, seguro de que volver√© para mayores inmersiones en Morrosquillo. Satisfecho 100%, y feliz.",15 de enero de 2019,1,0,5,
1294,Tripadvisor,81,Sunset Travel Colombia,https://www.tripadvisor.co/Attraction_Review-g1395140-d21293956-Reviews-Sunset_Travel_Colombia-Sincelejo_Sucre_Department.html,Sincelejo,5.0/5,5,Precio Desconocido,"La experiencia es paquete completo: excelente atenci√≥n, confiabilidad, amabilidad, calidad y buenos precios.",22 de septiembre de 2020,0,0,5,
1255,Tripadvisor,79,Anfibio Sports Adventure,https://www.tripadvisor.co/Attraction_Review-g10326747-d23061629-Reviews-or30-Anfibio_Sports_Adventure-Rincon_del_Mar_San_Onofre_Sucre_Department.html,San Onofre,5.0/5,34,Precio Desconocido,"Experiencia excelente, un instructor muy paciente y buena persona, hermosa vista, no me parece costoso y se enfocan en que de verdad aprendas, de repetir!",20 de abril de 2021,0,0,5,
728,Tripadvisor,56,Playa la Coquerita,https://www.tripadvisor.co/Attraction_Review-g616329-d10465002-Reviews-or20-Playa_la_Coquerita-Covenas_Sucre_Department.html,Cove√±as,4.0/5,28,Precio Desconocido,"La playa es bonita, la arena es oscura pero muy suave, no se encuentran casi piedras, el agua es calmada y transparente. Hay varios restaurantes, la comida es muy buena y la gente muy amable. Encuentras toldillos y hamacas para alquilar a diferentes precios, pero siempre debes pedir rebaja. Lo √∫nico que le hace falta son canecas de basura, no se encuentran por ning√∫n lado.",6 de julio de 2018,2,0,4,
389,Tripadvisor,50,Isla M√∫cura,https://www.tripadvisor.co/Attraction_Review-g4452849-d2536595-Reviews-or20-Isla_Mucura-San_Onofre_Sucre_Department.html, San Onofre,4.5/5,281,Precio Desconocido,"El para√≠so Es un lugar donde solo puedes disfrutar, aguas cristalinas y tranquilas, corales y arrecifes. Un oasis hecho para el relax, la aventura y diversi√≥n. Est√° ubicada en el archipi√©lago de las Islas de San Bernardo, San Onofre. Estuve all√≠ 4 d√≠as y espero volver este a√±o. Simplemente me enamor√© de ese lugar y la calidez de su gente.",13 de abril de 2017,0,0,4.5,
798,Tripadvisor,58,Orla de Tolu,https://www.tripadvisor.co/Attraction_Review-g1726000-d8838800-Reviews-or20-Orla_de_Tolu-Santiago_de_Tolu_Sucre_Department.html,Santiago de Tol√∫,4.0/5,31,Precio Desconocido,"Como una nueva experiencia es aceptable. Pero yendo all√≠ espec√≠ficamente para ver el lugar no vale la pena. No hay nada que hacer aparte de alquilar una bicicleta con muchos asientos y con m√∫sica muy ruidoso, parece como una competencia. En su mayor√≠a las multitudes j√≥venes y merodeando por ah√≠. Playa es terrible. Rocas, turbia, a menos que tengas un barco y vete a otro sitio.",20 de agosto de 2016,0,0,4,
1292,Tripadvisor,80,Rinc√≥n del mar Diving,https://www.tripadvisor.co/Attraction_Review-g10326747-d17274098-Reviews-or10-Rincon_del_mar_Diving-Rincon_del_Mar_San_Onofre_Sucre_Department.html,San Onofre,5.0/5,30,Precio Desconocido,"Hola, recomiendo visitar este centro de buceo q adem√°s cuenta con hostal, la prestaci√≥n del servicio es muy buena , la gu√≠a y la orientaci√≥n del equipo nde instructor es muy buena",4 de mayo de 2019,0,0,5,
1274,Tripadvisor,79,Anfibio Sports Adventure,https://www.tripadvisor.co/Attraction_Review-g10326747-d23061629-Reviews-or30-Anfibio_Sports_Adventure-Rincon_del_Mar_San_Onofre_Sucre_Department.html,San Onofre,5.0/5,34,Precio Desconocido,"Disfrutar del amanecer y de la tranquilidad del mar fue el recuerdo m√°s especial de esta experiencia. Una atenci√≥n, equipos y cuidado muy especiales. Recomendad√≠simo!",16 de enero de 2021,2,0,5,
1243,Tripadvisor,78,Mar de leva tour,https://www.tripadvisor.co/Attraction_Review-g10326747-d25178400-Reviews-Mar_de_leva_tour-Rincon_del_Mar_San_Onofre_Sucre_Department.html,San Onofre,5.0/5,12,Precio Desconocido,"Un transporte terrestre desde Tolu hasta Rinc√≥n del mar y regreso, buenos carros, buenos conductores, muy puntuales",19 de marzo de 2023,0,0,5,
542,Tripadvisor,50,Isla M√∫cura,https://www.tripadvisor.co/Attraction_Review-g4452849-d2536595-Reviews-or20-Isla_Mucura-San_Onofre_Sucre_Department.html, San Onofre,4.5/5,281,Precio Desconocido,Impresionante isla paradis√≠aca Fuimos en una excursi√≥n y nos encant√≥. La playa caribe√±a fue perfecta. Si la excursi√≥n conseguir el almuerzo incluido porque el precio se duplica si comprarlo all√≠.,20 de noviembre de 2014,0,0,4.5,
947,Tripadvisor,74,Covenas Diving Co.,https://www.tripadvisor.co/Attraction_Review-g616329-d13199404-Reviews-or220-Covenas_Diving_Co-Covenas_Sucre_Department.html,Cove√±as,5.0/5,259,Precio Desconocido,"Gracias por tu comentario, Nestor. Te esperamos para nuevas aventuras!",4 de enero de 2022,5,0,5,
44,Foursquare,2,Playas de Cove√±as,https://es.foursquare.com/v/playas-de-cove%C3%B1as/4e0b5bd352b1fe83d54c6f4b,Cove√±as,8.8/10,241 valoraciones,Precio Desconocido,Almorzarpescadoydescansaren laplayaes el plan,"Junio 3, 2016",0,0,8.8,
990,Tripadvisor,74,Covenas Diving Co.,https://www.tripadvisor.co/Attraction_Review-g616329-d13199404-Reviews-or220-Covenas_Diving_Co-Covenas_Sucre_Department.html,Cove√±as,5.0/5,259,Precio Desconocido,"Excelente buceo en la isla de Tintipan con Guillermo y Sebasti√°n. Fuimos en familia, tres mini cursos y cuatro buzos certificados. Todos pudimos disfrutar la experiencia!",19 de diciembre de 2020,0,0,5,
1120,Tripadvisor,74,Covenas Diving Co.,https://www.tripadvisor.co/Attraction_Review-g616329-d13199404-Reviews-or220-Covenas_Diving_Co-Covenas_Sucre_Department.html,Cove√±as,5.0/5,259,Precio Desconocido,"Excelente centro de Buceo en este hermoso rinconcito de Colombia. Guillermo el instructor la persona m√°s querida, sabe transmitir todo ese conocimiento con toda la paciencia del mundo.",7 de junio de 2018,0,0,5,
497,Tripadvisor,50,Isla M√∫cura,https://www.tripadvisor.co/Attraction_Review-g4452849-d2536595-Reviews-or20-Isla_Mucura-San_Onofre_Sucre_Department.html, San Onofre,4.5/5,281,Precio Desconocido,"Casi un para√≠so Ideal para descansar, no hay ruidos, ni m√∫sica, poca gente, muy buena comida. Excelente descanso para los que les gusta la tranquilidad. Hay que llevar un libro.",21 de febrero de 2014,0,0,4.5,
1241,Tripadvisor,78,Mar de leva tour,https://www.tripadvisor.co/Attraction_Review-g10326747-d25178400-Reviews-Mar_de_leva_tour-Rincon_del_Mar_San_Onofre_Sucre_Department.html,San Onofre,5.0/5,12,Precio Desconocido,I was so grateful for the service that Mar de Leva provided for me and my friends. They were responsive and helped me craft my itinerary. Guillemos is a great driver and also has a great playlist in his car which made the trip pleasant and vivid. I am so glad they were part of this unforgettable specially after so many years I hadn‚Äôt been in my country of origin. Thank you!!,8 de abril de 2023,0,0,5,
1007,Tripadvisor,74,Covenas Diving Co.,https://www.tripadvisor.co/Attraction_Review-g616329-d13199404-Reviews-or220-Covenas_Diving_Co-Covenas_Sucre_Department.html,Cove√±as,5.0/5,259,Precio Desconocido,Me gust√≥ mucho bucear con Guillermo fue una experiencia inolvidable. Es un instructor apasionado que explica muy bien las cosas.,20 de octubre de 2020,1,0,5,
175,Foursquare,24,Llanera La 25,https://es.foursquare.com/v/llanera-la-21/4ec019f1cc212562ad55a73a,Sincelejo,7.7/10,11 valoraciones,$$,Exquisita la comida...,"Abril 20, 2013",0,0,7.7,
195,Foursquare,30,Doki's comidas r√°pidas (Majagual),https://es.foursquare.com/v/dokis-comidas-r%C3%A1pidas-majagual/4c6216b2fa7bc9282b850d27,Sincelejo,7.4/10,13 valoraciones,$,"Losdesgranadosdeliciosos, buen ambiente y lugarfrescopara compartir enfamilia","Noviembre 7, 2015",0,0,7.4,
299,Foursquare,47,Subway,https://foursquare.com/v/subway/51cf97eb498e45e353469d92,Sincelejo,6.7/10,13 valoraciones,$,"Muy buenos sandwiches. el Club, el de costillitas BBQ y el Melt son verdaderamente buenos, las galletas de doble chocolate son geniales... Ponga cuidado a las vueltas, suelen entregarlas incompletas.","Junio 2, 2013",3,0,6.7,
1000,Tripadvisor,74,Covenas Diving Co.,https://www.tripadvisor.co/Attraction_Review-g616329-d13199404-Reviews-or220-Covenas_Diving_Co-Covenas_Sucre_Department.html,Cove√±as,5.0/5,259,Precio Desconocido,Si vas a hacer tu primera inmersi√≥n o si eres buzo certificado. Muy recomendado. Muy buena instrucci√≥n. Excelente lugares de buceo. Muy buenos corales. Buena profundidad. Estoy muy agradecido,5 de noviembre de 2020,0,0,5,
781,Tripadvisor,58,Orla de Tolu,https://www.tripadvisor.co/Attraction_Review-g1726000-d8838800-Reviews-or20-Orla_de_Tolu-Santiago_de_Tolu_Sucre_Department.html,Santiago de Tol√∫,4.0/5,31,Precio Desconocido,Tol√∫ y Cove√±as son lugares de paso para la mayor√≠a que visita el archipi√©lago de San Bernardo. Hay un peque√±o muelle en Tol√∫ donde salen las lanchas hacia las islas. El tour es muy bonito pero no tan impresionante como lo pintan. En Tol√∫ no hay mucho que hacer. Es ruidoso y la verdad tambi√©n hay mucha basura que no ayuda a que el lugar se vea m√°s atractivo.,18 de octubre de 2017,4,0,4,
515,Tripadvisor,50,Isla M√∫cura,https://www.tripadvisor.co/Attraction_Review-g4452849-d2536595-Reviews-or20-Isla_Mucura-San_Onofre_Sucre_Department.html, San Onofre,4.5/5,281,Precio Desconocido,"M√∫cura gran experiencia La isla es espectacular, playa de arenas blancas y buena atenci√≥n si vas a salir desde Tol√∫ hacia M√∫cura, trata de contactar al paisa que se le conoce como JUACO, un hombre muy atento y muy conocido en la zona, con √©l sale un poco m√°s econ√≥mico todo, si vas a caretear o a practicar snorkel ser√≠a mejor llevar tu propia careta, el paseo a M√∫cura es muy recomendable.",17 de abril de 2013,0,0,4.5,
1173,Tripadvisor,75,Rinc√≥n Dive Center,https://www.tripadvisor.co/Attraction_Review-g10326747-d14126059-Reviews-or60-Rincon_Dive_Center-Rincon_del_Mar_San_Onofre_Sucre_Department.html,San Onofre,5.0/5,192,Precio Desconocido,"La oportunidad que te brinda el Rinc√≥n Dive Center de vivir una experiencia √∫nica a trav√©s del buceo, es algo imperdible. Los instructores est√°n muy bien informados y brindan mucha seguridad a los usuarios. Las vistas del coral y los peces que ah√≠ viven te transportan a otro mundo. ¬°Tienen que hacerlo!",2 de enero de 2020,1,0,5,
281,Foursquare,45,Centro Comercial VIVA,https://foursquare.com/v/centro-comercial-viva/4c367fa418e72d7f0f0515f5,Sincelejo,6.8/10,155 valoraciones,Precio Desconocido,Lo Mejor en Sincelejo :D Deberia Ser M√°s Grande!,"Mayo 27, 2012",2,0,6.8,
644,Tripadvisor,52,Ci√©naga la Caimanera,https://www.tripadvisor.co/Attraction_Review-g616329-d10022459-Reviews-Cienaga_la_Caimanera-Covenas_Sucre_Department.html,Cove√±as,4.5/5,86,Precio Desconocido,"Descanso visual y espiritual, alimento para el alma... eso s√≠, aplicar buen antisolar y paciencia para el embarque en canoa.",23 de julio de 2016,0,0,4.5,
346,Tripadvisor,50,Isla M√∫cura,https://www.tripadvisor.co/Attraction_Review-g4452849-d2536595-Reviews-or20-Isla_Mucura-San_Onofre_Sucre_Department.html, San Onofre,4.5/5,281,Precio Desconocido,"A esta isla se puede visitar mediante pasad√≠a o alojandose en alguno de los hoteles que est√°n ubicados en la Isla. Lo importante es tener en cuenta que el mejor sitio para tomar la lancha es desde Tolu, las lanchas son seguras y los precios no son altos.",21 de febrero de 2019,0,0,4.5,
463,Tripadvisor,50,Isla M√∫cura,https://www.tripadvisor.co/Attraction_Review-g4452849-d2536595-Reviews-or20-Isla_Mucura-San_Onofre_Sucre_Department.html, San Onofre,4.5/5,281,Precio Desconocido,"HERMOS√çSIMA!! Un lugar recomendado, es un para√≠so espectacular que vale la pena visitar, encantador... El viaje en lancha incluye almuerzo, me gust√≥ mucho. Recomiendo que lleven ""snorkel"" si tienen, sus aguas son lindas y cristalinas.",9 de diciembre de 2014,0,0,4.5,
654,Tripadvisor,52,Ci√©naga la Caimanera,https://www.tripadvisor.co/Attraction_Review-g616329-d10022459-Reviews-Cienaga_la_Caimanera-Covenas_Sucre_Department.html,Cove√±as,4.5/5,86,Precio Desconocido,"Me aloj√© en un hostal cercano y organizaron un paseo nocturno en bote/viaje por el manglar. Imag√≠nese esto, completa oscuridad, completo silencio aparte del capit√°n del bote remando lentamente en la parte trasera, observando el agua emitir su iridiscencia en completa oscuridad, luego una parada en la caba√±a en el agua del manglar para conectarse con la naturaleza y el agua. La vida no puede ser mejor que esto.",5 de septiembre de 2021,0,0,4.5,
328,Tripadvisor,50,Isla M√∫cura,https://www.tripadvisor.co/Attraction_Review-g4452849-d2536595-Reviews-or20-Isla_Mucura-San_Onofre_Sucre_Department.html, San Onofre,4.5/5,281,Precio Desconocido,"Nunca pens√© ver ese color del mar y de la arena tan cerca de Cove√±as... Es increible la belleza de la Isla M√∫cura, Tintipan, Isla Palma... se compara perfectamente con San Andr√©s y Providencia. Adem√°s que es de lo m√°s econ√≥mico. Volver√≠a encantada muchas veces.",14 de septiembre de 2018,0,0,4.5,
1066,Tripadvisor,74,Covenas Diving Co.,https://www.tripadvisor.co/Attraction_Review-g616329-d13199404-Reviews-or220-Covenas_Diving_Co-Covenas_Sucre_Department.html,Cove√±as,5.0/5,259,Precio Desconocido,"Hiso el curso de Advanced Open Water, Guillermo es un instructor con demasiada Paciencia, profesionalismo y con unos equipos en s√∫per estado. 100% Recomendado.",6 de octubre de 2019,1,0,5,
6,Foursquare,1,Rinc√≥n del Mar,https://es.foursquare.com/v/rinc%C3%B3n-del-mar/4f81a185e4b0ac16a2d8f323,San Onofre,8.9/10,45 valoraciones,Precio Desconocido,"Un lugar espectacular, ideal para olvidar la agitada ciudad","Diciembre 20, 2020",0,0,8.9,
337,Tripadvisor,50,Isla M√∫cura,https://www.tripadvisor.co/Attraction_Review-g4452849-d2536595-Reviews-or20-Isla_Mucura-San_Onofre_Sucre_Department.html, San Onofre,4.5/5,281,Precio Desconocido,"La Isla es relativamente peque√±a, se rodea en kayac aproximadamente en 50 minutos, pero sus aguas cristalinas, mar calmado, corales y playas de arena blanca son espectaculares, la calidez de su gente y su deliciosa comida la hace una isla sin igual.",3 de agosto de 2019,4,0,4.5,
546,Tripadvisor,50,Isla M√∫cura,https://www.tripadvisor.co/Attraction_Review-g4452849-d2536595-Reviews-or20-Isla_Mucura-San_Onofre_Sucre_Department.html, San Onofre,4.5/5,281,Precio Desconocido,"Usted puede alcanzar el para√≠so Este es un peque√±o pedazo de para√≠so escondido en Colombia. El servicio es excelente, incluso m√°s all√° de eso. La comida es bastante buena. El lugar es un para√≠so: playa privada, buceo, voleibol, campo de f√∫tbol ... No lo dudes, ve. Nos encant√≥ todo!",10 de septiembre de 2014,0,0,4.5,
615,Tripadvisor,52,Ci√©naga la Caimanera,https://www.tripadvisor.co/Attraction_Review-g616329-d10022459-Reviews-Cienaga_la_Caimanera-Covenas_Sucre_Department.html,Cove√±as,4.5/5,86,Precio Desconocido,"Es un lugar maravilloso, los gu√≠as son los locales, el viaje es en chalupa y tarda aproximadamente 1 hora, se pueden consumir ostras frescas, avistar aves y fauna propia de los manglares, el lugar est√° muy limpio porque sus habitantes est√°n comprometidos con su cuidado, la gente es muy amable, nosotros hicimos el viaje con Santiago y su hermana y adem√°s de explicarnos muy bien todo el ecosistema del manglar nos hicieron el recorrido muy divertido. Definitivamente es algo por hacer si se est√° en esa zona del pa√≠s.",18 de octubre de 2017,0,0,4.5,
958,Tripadvisor,74,Covenas Diving Co.,https://www.tripadvisor.co/Attraction_Review-g616329-d13199404-Reviews-or220-Covenas_Diving_Co-Covenas_Sucre_Department.html,Cove√±as,5.0/5,259,Precio Desconocido,"Me certifiqu√© en OWD, fue una experiencia increible, el curso bastante organizado, el personal muy amable y atento a todo el proceso y los buceos incre√≠bles, recomendadisimo, es una experiencia que vale toda la pena del mundo, el buceo te abre los ojos a otro mundo.",15 de enero de 2022,0,0,5,
631,Tripadvisor,52,Ci√©naga la Caimanera,https://www.tripadvisor.co/Attraction_Review-g616329-d10022459-Reviews-Cienaga_la_Caimanera-Covenas_Sucre_Department.html,Cove√±as,4.5/5,86,Precio Desconocido,"El paseo en bote de remo es una experiencia tranquila y fascinante, pues recorres varias zonas de manglares y visitas la casa en el agua, todo manejado por los lugare√±os. Se pueden comer ostras frescas recogidas durante el viaje, y se encuentran variedades de cangrejos, peces y otros animales. La infraestructura es un tanto limitada pues no vimos tienda de souvenirs o un buen restaurante, caf√© o bar en la zona. Tambi√©n es importante negociar el precio del paseo, en especial si van varias personas, pues los precios pueden variar mucho seg√∫n el cliente y el proveedor.",26 de diciembre de 2016,0,0,4.5,
338,Tripadvisor,50,Isla M√∫cura,https://www.tripadvisor.co/Attraction_Review-g4452849-d2536595-Reviews-or20-Isla_Mucura-San_Onofre_Sucre_Department.html, San Onofre,4.5/5,281,Precio Desconocido,La visita al golfo de morrosquillo es una experiencia agradable sin duda alguna...el acceso lo hice por tolu en lancha con recorrido algo asi como 40 min y un costo dependiendo de la temporada entre 50 y 70 mil pesos...la playa de tintipan es expectacular la recomiendo ...limpia cristalina y los lugare√±os muy cordiales..sin duda es una de las mejores playas que no tiene nada que envidiar...,2 de julio de 2019,3,0,4.5,
612,Tripadvisor,52,Ci√©naga la Caimanera,https://www.tripadvisor.co/Attraction_Review-g616329-d10022459-Reviews-Cienaga_la_Caimanera-Covenas_Sucre_Department.html,Cove√±as,4.5/5,86,Precio Desconocido,"Naturaleza!!! ene de 2017 ‚Ä¢ Familia Paseo en canoa, y se conoce mucho acerca de la historia, manglares y la visita a la casa flotante !! nice",15 de mayo de 2017,0,0,4.5,
1233,Tripadvisor,77,Gu√≠a de Turismo del Golfo de Morrosquillo,https://www.tripadvisor.co/Attraction_Review-g616329-d12951539-Reviews-or30-Covenas_Colombia_Travel-Covenas_Sucre_Department.html,Cove√±as,5.0/5,30,Precio Desconocido,"Qu√© buen servicio, la historia muy bien contada con sus respectivos momentos hist√≥ricos, paisajes muy bonitos y la calidad humana es muy buena; excelente la comida y los servicios como tal excelente.",21 de febrero de 2018,0,0,5,
326,Tripadvisor,50,Isla M√∫cura,https://www.tripadvisor.co/Attraction_Review-g4452849-d2536595-Reviews-or20-Isla_Mucura-San_Onofre_Sucre_Department.html, San Onofre,4.5/5,281,Precio Desconocido,"Hermoso lugar, playas lindas el mar incre√≠ble, si te quieres conectar con la naturaleza es el perfecto lugar para hacerlo.",23 de noviembre de 2018,0,0,4.5,
1210,Tripadvisor,77,Gu√≠a de Turismo del Golfo de Morrosquillo,https://www.tripadvisor.co/Attraction_Review-g616329-d12951539-Reviews-or30-Covenas_Colombia_Travel-Covenas_Sucre_Department.html,Cove√±as,5.0/5,30,Precio Desconocido,"La pasamos muy bien en Colos√≥. Excelente atenci√≥n y gu√≠a tur√≠stico. Lo recomiendo. Felicitaciones. El sitio muy agradable y las aguas muy sabrosas, la comida muy rica en la vereda donde estuvimos.",19 de octubre de 2018,1,0,5,
1059,Tripadvisor,74,Covenas Diving Co.,https://www.tripadvisor.co/Attraction_Review-g616329-d13199404-Reviews-or220-Covenas_Diving_Co-Covenas_Sucre_Department.html,Cove√±as,5.0/5,259,Precio Desconocido,"El curso fue m√°s claro que en otros sitios, y la pr√°ctica en aguas confinadas fue m√°s dedicada, y tengo el registro en PADI. Pienso volver a las profundidades del mar. FELICITACIONES A LOS ADMINISTRADORES DE COVE√ëAS DIVING.... Y ahora trabajan en un primer piso, y para hospedarse es cerca, el curso es bastante seguro.",5 de noviembre de 2019,0,0,5,
919,Tripadvisor,74,Covenas Diving Co.,https://www.tripadvisor.co/Attraction_Review-g616329-d13199404-Reviews-or220-Covenas_Diving_Co-Covenas_Sucre_Department.html,Cove√±as,5.0/5,259,Precio Desconocido,"Excelente atenci√≥n y servicio. Conocedores de la zona, respeto y cuidado por el medio ambiente. Atenci√≥n en cada detalle. Una grata experiencia.",1 de diciembre de 2023,4,0,5,
527,Tripadvisor,50,Isla M√∫cura,https://www.tripadvisor.co/Attraction_Review-g4452849-d2536595-Reviews-or20-Isla_Mucura-San_Onofre_Sucre_Department.html, San Onofre,4.5/5,281,Precio Desconocido,"Lo mejoooorrr Es hermosooo, el mar es divinoo y ba√±arse ah√≠ es lo mejorrr el agua deliciosa no dan ganas de salir, super relajado, no es caro, lo malo es que est√° lejos y el viaje en lancha es canson. Me sorprendi√≥ el precio de la langosta es barat√≠simo y super fresca hasta ves cuando la sacan del mar. Me encantar√≠a volver qued√© con ganas de maaass, es espectacular.",9 de abril de 2012,0,0,4.5,
736,Tripadvisor,56,Playa la Coquerita,https://www.tripadvisor.co/Attraction_Review-g616329-d10465002-Reviews-or20-Playa_la_Coquerita-Covenas_Sucre_Department.html,Cove√±as,4.0/5,28,Precio Desconocido,"Vacaciones en Caba√±as Calipso en Cove√±as. Inolvidables. Instalaciones al frente del mar, unas playas limpias y buen mar. No hay tanto comercio, como en Bocagrande Cartagena por ejemplo y los precios no son tan elevados. Mucha gente de Medell√≠n vacacionando, por lo menos a inicio de a√±o.",7 de enero de 2017,0,0,4,
1132,Tripadvisor,74,Covenas Diving Co.,https://www.tripadvisor.co/Attraction_Review-g616329-d13199404-Reviews-or220-Covenas_Diving_Co-Covenas_Sucre_Department.html,Cove√±as,5.0/5,259,Precio Desconocido,"Excelente lugar, y excelente instructor. Muy profesional y con gran experiencia, lo recomiendo. Inmersiones muy seguras.",9 de diciembre de 2017,0,0,5,
219,Foursquare,37,Happy City √âxito,https://foursquare.com/v/happy-city-%C3%A9xito/50c9fdeb8aca44b2843517a2,Sincelejo,7.3/10,12 valoraciones,Precio Desconocido,Excelente lugar para el entretenimiento de nuestros hijos,"Junio 28, 2013",2,0,7.3,
1282,Tripadvisor,80,Rinc√≥n del mar Diving,https://www.tripadvisor.co/Attraction_Review-g10326747-d17274098-Reviews-or10-Rincon_del_mar_Diving-Rincon_del_Mar_San_Onofre_Sucre_Department.html,San Onofre,5.0/5,30,Precio Desconocido,Alberto y Julie son excelentes personas y excelentes profesionales. Aprendimos much√≠simo con ellos y es una experiencia que vale la pena repetir. Con toda seguridad volver√©.,7 de enero de 2020,0,0,5,
506,Tripadvisor,50,Isla M√∫cura,https://www.tripadvisor.co/Attraction_Review-g4452849-d2536595-Reviews-or20-Isla_Mucura-San_Onofre_Sucre_Department.html, San Onofre,4.5/5,281,Precio Desconocido,"Para maravillarse y entretenerse !! El archipi√©lago de San Bernardo, donde est√° la Isla M√∫cura es poco conocido pero maravilloso, las islas son √∫nicas. El Hotel Punta Faro ofrece excursiones, caminatas, deportes acu√°ticos (buceo, snorkel, kayaks, velero, windsurf) es imposible aburrirse. La gente del hotel y de las islas es maravillosa. Totalmente recomendable para escaparse unos d√≠as y combinar con Cartagena.",9 de noviembre de 2013,0,0,4.5,
757,Tripadvisor,57,Archipi√©lago De San Bernardo,https://www.tripadvisor.co/Attraction_Review-g616329-d14930714-Reviews-or20-Archipelago_Of_San_Bernardo-Covenas_Sucre_Department.html,Cove√±as,4.0/5,29,Precio Desconocido,"Para llegar a las islas es necesario contratar un tour. En nuestro caso, fue con la agencia Navegar. Nos encontr√°bamos hospedados en Cove√±as y la agencia ofreci√≥ servicio de bus hasta Tol√∫ y luego de vuelta hacia el hotel. Se hace una visita al islote donde se hace un recorrido por el lugar y luego se puede nadar con un tibur√≥n por $5,000. Luego, se avista a Isla M√∫cura y luego se llega a Tintip√°n, donde se pasa la mayor parte del tiempo. En Tintip√°n se sirve el almuerzo (arroz con coco, pescado, ensalada y gaseosa), este almuerzo viene incluido en el precio del tour, aunque tambi√©n ofrecen otros platos por un costo adicional. El almuerzo estuvo rico, aunque en poca cantidad. La playa de Tintip√°n es hermosa, la arena es de color casi blanco y el mar irradia diferentes tonalidades de azul. El viaje de ida en lancha es muy calmado, el de venida es m√°s movidito y da una buena descarga de adrenalina, aunque en todo momento se siente la lancha segura y el capit√°n sabe sortear muy bien las olas. El costo del tour fue de $65,000 en una lancha m√°s peque√±a (Toretto), hay otro plan a $80,000 en una lancha m√°s grande (Emperador). En realidad, en la lancha peque√±a el viaje se disfrut√≥ mucho.",15 de diciembre de 2019,10,0,4,
78,Foursquare,3,Juan Valdez Caf√©,https://es.foursquare.com/v/juan-valdez-caf%C3%A9/5287d40811d248c7e753a537,Sincelejo,8.8/10,30 valoraciones,$,Los mejorescapuchinos!,"Junio 28, 2015",1,0,8.8,
105,Foursquare,8,Centro de eventos Malib√∫,https://es.foursquare.com/v/centro-de-eventos-malib%C3%BA/4d0c24855c46a093f1e406b4,Sincelejo,8.2/10,18 valoraciones,Precio Desconocido,"Unhotelespectacular, de los mejores en los que heestado. Aunque falta mejorar temas de servicio las instalaciones son impecables. Ampliashabitacionescon todas lascomodidades.Hotel5*****","Julio 28, 2015",0,0,8.2,
658,Tripadvisor,53,Playas Rincon del Mar,https://www.tripadvisor.co/Attraction_Review-g4452849-d10213520-Reviews-or40-Playas_Rincon_del_Mar-San_Onofre_Sucre_Department.html,San Onofre,4.0/5,51,Precio Desconocido,"Si eres viajero y te gusta estar alejado de los turistas, este es de los mejores rincones del mundo que conozco que todav√≠a est√° por descubrir. Lo aislado que est√° de grandes urbes, la belleza de sus playas limpias pero ordenadas al gusto de sus habitantes; su amabilidad y calidez; la seguridad del entorno; la comuni√≥n con la naturaleza; las m√∫ltiples actividades a realizar; los sencillos pero buenos restaurantes; sus calles de arena limpia hacen que en poco tiempo muchos viajeros decidan instalarse para montar negocios para atraer turistas. VIS√çTALO Y DISFRUTA DE RINC√ìN AHORA!",7 de febrero de 2023,1,0,4,
773,Tripadvisor,57,Archipi√©lago De San Bernardo,https://www.tripadvisor.co/Attraction_Review-g616329-d14930714-Reviews-or20-Archipelago_Of_San_Bernardo-Covenas_Sucre_Department.html,Cove√±as,4.0/5,29,Precio Desconocido,"Falta mejorar las playas, podr√≠a ser mejor... La comida no es muy buena, te ofrecen ciertos pescados y traen otros.",25 de julio de 2018,1,0,4,
458,Tripadvisor,50,Isla M√∫cura,https://www.tripadvisor.co/Attraction_Review-g4452849-d2536595-Reviews-or20-Isla_Mucura-San_Onofre_Sucre_Department.html, San Onofre,4.5/5,281,Precio Desconocido,"Buen lugar para hacer snorkel Buen careteo si se puede hacer pero volvemos al tema de que Cartagena tiene puro turista t√≠pico lo que quiere decir que para alguien que busque tranquilidad, buenos precios y una experiencia de vida como tal no la va a encontrar all√°, un mal viajero queda boquiabierto con semejante cosa tan normal.",10 de enero de 2015,0,0,4.5,
1257,Tripadvisor,79,Anfibio Sports Adventure,https://www.tripadvisor.co/Attraction_Review-g10326747-d23061629-Reviews-or30-Anfibio_Sports_Adventure-Rincon_del_Mar_San_Onofre_Sucre_Department.html,San Onofre,5.0/5,34,Precio Desconocido,Excelente experiencia!! Una persona muy comprometida y responsable con la seguridad en todo momento. Recomendado!!!,4 de abril de 2021,0,0,5,
877,Tripadvisor,64,Plaza de Majagual,https://www.tripadvisor.co/Attraction_Review-g1395140-d6951865-Reviews-or30-Plaza_de_Majagual-Sincelejo_Sucre_Department.html,Sincelejo,3.5/5,32,Precio Desconocido,"Es super agradable para pasar una tarde tranquila y perfecto para ver el atardecer, siempre hay eventos y se pasa bueno.",9 de febrero de 2015,0,0,3.5,
864,Tripadvisor,64,Plaza de Majagual,https://www.tripadvisor.co/Attraction_Review-g1395140-d6951865-Reviews-or30-Plaza_de_Majagual-Sincelejo_Sucre_Department.html,Sincelejo,3.5/5,32,Precio Desconocido,"La plaza de Majagual es un lugar tur√≠stico de la ciudad, agradable, amplio, rodeado de plazoletas de comidas.",15 de febrero de 2017,0,0,3.5,
336,Tripadvisor,50,Isla M√∫cura,https://www.tripadvisor.co/Attraction_Review-g4452849-d2536595-Reviews-or20-Isla_Mucura-San_Onofre_Sucre_Department.html, San Onofre,4.5/5,281,Precio Desconocido,Sus aguas cristalinas y arena blanca hacen que este peque√±o para√≠so Colombiano sea muy agradable y maravilloso para estar en pareja o en familia.,14 de agosto de 2019,2,0,4.5,
743,Tripadvisor,56,Playa la Coquerita,https://www.tripadvisor.co/Attraction_Review-g616329-d10465002-Reviews-or20-Playa_la_Coquerita-Covenas_Sucre_Department.html,Cove√±as,4.0/5,28,Precio Desconocido,"Excelente comida y atenci√≥n en Ozeano Hotel. Muy rica comida y muy buena atenci√≥n. Adem√°s, innovan en el ramo de comida en Cove√±as.",29 de julio de 2016,0,0,4,
460,Tripadvisor,50,Isla M√∫cura,https://www.tripadvisor.co/Attraction_Review-g4452849-d2536595-Reviews-or20-Isla_Mucura-San_Onofre_Sucre_Department.html, San Onofre,4.5/5,281,Precio Desconocido,"El para√≠so Esta isla es el para√≠so en la tierra. No nos quer√≠amos ir, todo excelente, la atenci√≥n y la gente! Volveremos.",26 de diciembre de 2014,0,0,4.5,
725,Tripadvisor,56,Playa la Coquerita,https://www.tripadvisor.co/Attraction_Review-g616329-d10465002-Reviews-or20-Playa_la_Coquerita-Covenas_Sucre_Department.html,Cove√±as,4.0/5,28,Precio Desconocido,"Estad√≠a tranquila, espacios hermosos que deben cuidarse para que permanezcan espl√©ndidos y sean el gozo de presentes y futuras generaciones.",18 de enero de 2020,0,0,4,
139,Foursquare,17,Guacar√≠ - Parque Comercial,https://es.foursquare.com/v/guacar%C3%AD--parque-comercial/59caafc19be5221b3378a0ad,Sincelejo,7.9/10,11 valoraciones,Precio Desconocido,FullAire Acondicionadoüëåüèª,"Abril 13, 2019",0,0,7.9,
117,Foursquare,11,CrepesPin Restaurante,https://es.foursquare.com/v/crepespin-restaurante/519181e1498e355d8a823a9b,Sincelejo,8.0/10,26 valoraciones,Precio Desconocido,"Lalasagna de berenjenaes una locura üò≥la atenci√≥n es excelente, l√°stima que cierren tan temprano","Mayo 10, 2014",0,0,8,
234,Foursquare,38,Plaza de Majagual,https://foursquare.com/v/plaza-de-majagual/4c0193ebf99620a1dbcd2404,Sincelejo,7.2/10,40 valoraciones,Precio Desconocido,"Vista A√©rea Plaza Majagual, link: http://goo.gl/2x0SS","Febrero 11, 2012",0,0,7.2,
981,Tripadvisor,74,Covenas Diving Co.,https://www.tripadvisor.co/Attraction_Review-g616329-d13199404-Reviews-or220-Covenas_Diving_Co-Covenas_Sucre_Department.html,Cove√±as,5.0/5,259,Precio Desconocido,Es una experiencia √∫nica para conectarte con la naturaleza y contigo. Me encanto!! Lo recomiendo 100%,26 de abril de 2021,0,0,5,
1150,Tripadvisor,75,Rinc√≥n Dive Center,https://www.tripadvisor.co/Attraction_Review-g10326747-d14126059-Reviews-or60-Rincon_Dive_Center-Rincon_del_Mar_San_Onofre_Sucre_Department.html,San Onofre,5.0/5,192,Precio Desconocido,"Bucear por primera con Stefanie y Giovanni en el agua clara al largo de Rincon del mar era una de las mejores experiencias que hice! Lo recomiendo a un 1000%! Los corales y peces son numerosos y muy lindos. Pude entender en que bucear puede cambiar la vida :) Espero volver a bucear pronto! Much√≠simas gracias para todo! Camille (y Enzo, Tayeb y Damien)",3 de noviembre de 2021,1,0,5,
